{
  "project_info": {
    "project_number": "775465428273",
    "firebase_url": "https://divelogbook-ec397.firebaseio.com",
    "project_id": "divelogbook-ec397",
    "storage_bucket": "divelogbook-ec397.appspot.com"
  },
  "client": [
    {
      "client_info": {
        "mobilesdk_app_id": "1:775465428273:android:25459dc83042b71c79fc10",
        "android_client_info": {
          "package_name": "com.github.jan222ik.divelogbook"
        }
      },
      "oauth_client": [
        {
          "client_id": "775465428273-kiij6loior4rmnnmida5gj0j166f1c6p.apps.googleusercontent.com",
          "client_type": 1,
          "android_info": {
            "package_name": "com.github.jan222ik.divelogbook",
            "certificate_hash": "220e85c07fd16e8d75a9cc4078d608eb062c6577"
          }
        },
        {
          "client_id": "775465428273-9a1a5u60lhevt4icvoaphsbjjdi0e9g4.apps.googleusercontent.com",
          "client_type": 3
        }
      ],
      "api_key": [
        {
          "current_key": "AIzaSyALdR3s7HcYJIm7FXYMxn3E_A53YY_Abnc"
        }
      ],
      "services": {
        "appinvite_service": {
          "other_platform_oauth_client": [
            {
              "client_id": "775465428273-9a1a5u60lhevt4icvoaphsbjjdi0e9g4.apps.googleusercontent.com",
              "client_type": 3
            }
          ]
        }
      }
    }
  ],
  "configuration_version": "1"
}